{"cameraMode":{"drawMode":0,"name":"Shaded","section":"Shading Mode"},"sceneLighting":false,"audioPlay":false,"sceneViewState":{"showFog":true,"showMaterialUpdate":false,"showSkybox":false,"showFlares":true,"showImageEffects":true,"showParticleSystems":true},"in2DMode":false,"pivot":{"x":-0.3359999656677246,"y":0.31834375858306887,"z":-0.26265525817871096},"rotation":{"x":0.23748448491096497,"y":0.5212237238883972,"z":-0.15373076498508454,"w":0.8051900863647461},"size":2.857893943786621,"orthographic":false}