{"cameraMode":{"drawMode":0,"name":"Shaded","section":"Shading Mode"},"sceneLighting":true,"audioPlay":false,"sceneViewState":{"showFog":true,"showMaterialUpdate":false,"showSkybox":true,"showFlares":true,"showImageEffects":true,"showParticleSystems":true},"in2DMode":false,"pivot":{"x":0.5827428102493286,"y":0.31834375858306887,"z":-0.2626551389694214},"rotation":{"x":0.2524787485599518,"y":0.47820553183555605,"z":-0.14573320746421815,"w":0.8284727334976196},"size":2.7066423892974855,"orthographic":false}