{"cameraMode":{"drawMode":0,"name":"Shaded","section":"Shading Mode"},"sceneLighting":false,"audioPlay":false,"sceneViewState":{"showFog":true,"showMaterialUpdate":false,"showSkybox":false,"showFlares":true,"showImageEffects":true,"showParticleSystems":true},"in2DMode":false,"pivot":{"x":0.0932389497756958,"y":0.508496880531311,"z":-0.020540714263916017},"rotation":{"x":0.2524787485599518,"y":0.47820553183555605,"z":-0.14573320746421815,"w":0.8284727334976196},"size":2.857893943786621,"orthographic":false}